Pin Number,Pin ID,Custom Name,Function,Mode, Direction,Latch,Pull Up,Pull Down,Drive Strength
1,PA00,,Available,,,,,,NORMAL
2,PA01,,Available,,,,,,NORMAL
3,PA02,,Available,,,,,,NORMAL
4,PA03,LCD_D7,GPIO,Digital,Out,Low,,,NORMAL
7,PB08,LCD_RS,GPIO,Digital,Out,Low,,,NORMAL
8,PB09,,Available,,,,,,NORMAL
9,PA04,ENC_B,EIC_EXTINT4,Digital,High Impedance,n/a,No,No,NORMAL
10,PA05,LCD_D5,GPIO,Digital,Out,Low,,,NORMAL
11,PA06,ETH_INT,GPIO,Digital,In,n/a,Yes,No,NORMAL
12,PA07,ETH_RST,GPIO,Digital,Out,High,,,NORMAL
13,PA08,,Available,,,,,,NORMAL
14,PA09,,Available,,,,,,NORMAL
15,PA10,,Available,,,,,,NORMAL
16,PA11,,Available,,,,,,NORMAL
19,PB10,LED0,LED_AL,Digital,Out,High,,,NORMAL
20,PB11,SWITCH,SWITCH_AL,Digital,In,n/a,Yes,No,NORMAL
21,PA12,,Available,,,,,,NORMAL
22,PA13,,Available,,,,,,NORMAL
23,PA14,,Available,,,,,,NORMAL
24,PA15,,Available,,,,,,NORMAL
25,PA16,ETH_MOSI,SERCOM1_PAD0,Digital,High Impedance,n/a,No,No,NORMAL
26,PA17,ETH_SCK,SERCOM1_PAD1,Digital,High Impedance,n/a,No,No,NORMAL
27,PA18,ETH_CS,GPIO,Digital,Out,High,,,NORMAL
28,PA19,ETH_MISO,SERCOM1_PAD3,Digital,High Impedance,n/a,No,No,NORMAL
29,PA20,,Available,,,,,,NORMAL
30,PA21,,Available,,,,,,NORMAL
31,PA22,DBG_TX,SERCOM5_PAD0,Digital,High Impedance,n/a,No,No,NORMAL
32,PA23,LCD_D6,GPIO,Digital,Out,Low,,,NORMAL
33,PA24,,Available,,,,,,NORMAL
34,PA25,,Available,,,,,,NORMAL
37,PB22,DBG_RX,SERCOM5_PAD2,Digital,High Impedance,n/a,No,No,NORMAL
38,PB23,LCD_E,GPIO,Digital,Out,Low,,,NORMAL
39,PA27,,Available,,,,,,NORMAL
41,PA28,LCD_D4,GPIO,Digital,Out,Low,,,NORMAL
45,PA30,,Available,,,,,,NORMAL
46,PA31,,Available,,,,,,NORMAL
47,PB02,ENC_A,EIC_EXTINT2,Digital,High Impedance,n/a,No,No,NORMAL
48,PB03,ENC_SW,GPIO,Digital,In,n/a,Yes,No,NORMAL
